-- Tạo cơ sở dữ liệu
USE [master]


CREATE DATABASE HotelManagement;
GO

USE HotelManagement;
GO

-- Bảng Hotel 
CREATE TABLE Hotel (
    HotelID INT IDENTITY(1,1) PRIMARY KEY,
    Name NVARCHAR(100) NOT NULL,
    Address NVARCHAR(255),
    Rating INT CHECK (Rating BETWEEN 1 AND 5)
);

INSERT INTO Hotel (Name, Address, Rating) VALUES
('Sunrise Hotel', '123 Main Street', 5),
('Oceanview Resort', '456 Beach Avenue', 4),
('Mountain View Inn', '789 Hillside Drive', 4),
('City Center Hotel', '101 Downtown Blvd', 5),
('Lakeside Lodge', '202 Lake Road', 3);



-- Bảng RoomType 
CREATE TABLE RoomType (
    RoomTypeID INT IDENTITY(1,1) PRIMARY KEY,
    RoomTypeName NVARCHAR(100) NOT NULL,
    Description NVARCHAR(255)
);
-- Bảng RoomType
INSERT INTO RoomType (RoomTypeName, Description) VALUES
('Standard', 'Basic room with standard amenities'),
('Deluxe', 'Spacious room with luxury amenities'),
('Suite', 'Exclusive suite with premium services'),
('Single', 'Single bed with standard amenities'),
('Double', 'Double bed with comfortable amenities'),
('Family', 'Spacious room for families');
--('Executive', 'High-end room with business facilities'),
--('Penthouse', 'Top-floor suite with premium views'),
--('Studio', 'Open-concept room with basic amenities'),
--('Villa', 'Independent villa with private facilities');



CREATE TABLE RoomStatus (
	RoomStatusID INT IDENTITY (1,1) PRIMARY KEY,
	RoomStatusName NVARCHAR(30) NOT NULL
);
INSERT INTO RoomStatus(RoomStatusName) VALUES 
('Available'),
('Currently in use'),
('Being fixed');


-- Bảng Room 
CREATE TABLE Room (
	RoomID INT IDENTITY(1,1) PRIMARY KEY,
    HotelID INT,
	RoomNumber NVARCHAR(10) NOT NULL,
    RoomTypeID INT,
	RoomStatusID INT NOT NULL DEFAULT 1,
	Capacity int not null,
    --PRIMARY KEY (HotelID, RoomNumber),
    FOREIGN KEY (HotelID) REFERENCES Hotel(HotelID) ON DELETE CASCADE,
    FOREIGN KEY (RoomTypeID) REFERENCES RoomType(RoomTypeID) ON DELETE CASCADE,
	FOREIGN KEY (RoomStatusID) REFERENCES RoomStatus(RoomStatusID) ON DELETE CASCADE
);
-- Bảng Room
INSERT INTO Room (HotelID, RoomNumber, RoomTypeID, Capacity) VALUES
(1, '101', 1, 1),
(1, '102', 1, 2),
(1, '201', 1, 3),
(1, '202', 1, 4),
(1, '301', 2, 5),
(1, '302', 2, 6),

(2, '101', 2, 1),
(2, '102', 2, 2),
(2, '201', 2, 3),
(2, '202', 2, 4),
(2, '301', 3, 5),
(2, '302', 3, 6),

(3, '101', 3, 1),
(3, '102', 3, 2),
(3, '201', 3, 3),
(3, '202', 3, 4),
(3, '301', 4, 5),
(3, '302', 4, 6),

(4, '101', 4, 1),
(4, '102', 4, 2),
(4, '201', 4, 3),
(4, '202', 4, 4),
(4, '301', 5, 5),
(4, '302', 5, 6),

(5, '101', 6, 1),
(5, '102', 6, 2),
(5, '201', 5, 3),
(5, '202', 5, 4),
(5, '301', 5, 5),
(5, '302', 5, 6)
;


-- Bảng Price 
CREATE TABLE Price (
	--RoomID INT,
    HotelID INT,
    RoomTypeID INT,
    Price DECIMAL(10,2) NOT NULL,
    StartDate DATE,
	EndDate DATE DEFAULT NULL,
    PRIMARY KEY (HotelID, RoomTypeID),
    FOREIGN KEY (HotelID) REFERENCES Hotel(HotelID) ON DELETE CASCADE,
    FOREIGN KEY (RoomTypeID) REFERENCES RoomType(RoomTypeID) ON DELETE CASCADE
);
-- Bảng Price
INSERT INTO Price (HotelID, RoomTypeID, Price, StartDate) VALUES
(1, 1, 100.00, '2021-01-01'),
(1, 2, 150.00, '2021-01-01'),
(1, 3, 200.00, '2021-01-01'),
(1, 4, 250.00, '2021-01-01'),
(1, 5, 300.00, '2021-01-01'),
(1, 6, 350.00, '2021-01-01'),
(2, 1, 120.00, '2022-01-01'),
(2, 2, 170.00, '2023-01-01'),
(2, 3, 220.00, '2022-01-01'),
(2, 4, 270.00, '2023-01-01'),
(2, 5, 320.00, '2022-01-01'),
(2, 6, 370.00, '2023-01-01'),
(3, 1, 130.00, '2023-01-01'),
(3, 2, 180.00, '2023-01-01'),
(3, 3, 230.00, '2023-01-01'),
(3, 4, 280.00, '2023-01-01'),
(3, 5, 330.00, '2023-01-01'),
(3, 6, 380.00, '2023-01-01'),
(4, 1, 140.00, '2024-01-01'),
(4, 2, 190.00, '2024-01-01'),
(4, 3, 240.00, '2024-01-01'),
(4, 4, 290.00, '2024-01-01'),
(4, 5, 340.00, '2024-01-01'),
(4, 6, 390.00, '2024-01-01'),
(5, 1, 200.00, '2025-01-01'),
(5, 2, 250.00, '2025-01-01'),
(5, 3, 300.00, '2025-01-01'),
(5, 4, 350.00, '2025-01-01'),
(5, 5, 400.00, '2025-01-01'),
(5, 6, 450.00, '2025-01-01');


-- Bảng EmployeeRole
CREATE TABLE EmployeeRole (
    RoleID INT IDENTITY(0,1) PRIMARY KEY,
    RoleName NVARCHAR(50) NOT NULL UNIQUE
);
-- Employee Role 
INSERT INTO EmployeeRole(RoleName) 
values
('Admin'),		--0
('Manager'),	--1
('Secretary'),	--2
('Cashier'),	--3
('Chief'),		--4
('Cook'),		--5
('Cleaner'),	--6
('Maid'),		--7
('Dishwasher')	--8


-- bit status
create table EmployeeStatus (
	StatusID int identity(1,1) primary key,
	StatusName nvarchar(100)
);
insert into EmployeeStatus(StatusName) values
('Active'),						--1
('Deactive'),					--2
('Currently on Vacation');		--3



-- Bảng Employee 
CREATE TABLE Employee (
    EmployeeID INT IDENTITY(0,1) PRIMARY KEY,
    Name NVARCHAR(100) NOT NULL,
    RoleID INT,
    StartDate DATE,
    HotelID INT,
    FOREIGN KEY (RoleID) REFERENCES EmployeeRole(RoleID) ON DELETE SET NULL,
    FOREIGN KEY (HotelID) REFERENCES Hotel(HotelID) ON DELETE CASCADE,
	Mail varchar(100) not null,
	PhoneNum varchar(20) not null,
	StatusID int not null references EmployeeStatus(StatusID),
	Address nvarchar(255) not null
);
-- Bảng Employee
INSERT INTO Employee (Name, RoleID, StartDate, HotelID, Mail, PhoneNum, StatusID, Address) VALUES
-- Manager
('Admin', 0, '2025-01-01', 1, 'admin@email.com', '1234567890', 1, '123 Admin St, City A'),
('John Doe', 1, '2025-01-01', 1, 'john.doe@email.com', '2345678901', 1, '456 John Ave, City A'),
('Jane Smith', 1, '2025-01-01', 2, 'jane.smith@email.com', '3456789012', 1, '789 Jane Rd, City B'),
('Mark Johnson', 1, '2025-01-01', 3, 'mark.johnson@email.com', '4567890123', 1, '101 Mark Blvd, City C'),
('Emily White', 1, '2025-01-01', 4, 'emily.white@email.com', '5678901234', 1, '202 Emily Ln, City D'),
('Luke Brown', 1, '2025-01-01', 5, 'luke.brown@email.com', '6789012345', 1, '303 Luke St, City E'),

-- Employees
('Anna Taylor', 2, '2025-01-01', 1, 'anna.taylor@email.com', '7890123456', 2, '404 Anna Ave, City A'),
('Michael Clark', 3, '2025-01-01', 1, 'michael.clark@email.com', '8901234567', 1, '505 Michael Rd, City A'),
('Sarah Lee', 4, '2025-01-01', 1, 'sarah.lee@email.com', '9012345678', 1, '606 Sarah Blvd, City A'),
('David Kim', 5, '2025-01-01', 1, 'david.kim@email.com', '0123456789', 1, '707 David Ln, City A'),
('Laura Wilson', 6, '2025-01-01', 1, 'laura.wilson@email.com', '1234567899', 1, '808 Laura St, City A'),
('Alice Johnson', 7, '2025-01-01', 1, 'alice.johnson@email.com', '2345678902', 3, '909 Alice Ave, City A'),
('Bob Smith', 8, '2025-01-01', 1, 'bob.smith@email.com', '3456789013', 1, '101 Bob Rd, City A'),
('Charlie Brown', 2, '2025-01-01', 2, 'charlie.brown@email.com', '4567890124', 1, '202 Charlie Blvd, City B'),
('Diana Prince', 3, '2025-01-01', 2, 'diana.prince@email.com', '5678901235', 1, '303 Diana Ln, City B'),
('Ethan Hunt', 4, '2025-01-01', 2, 'ethan.hunt@email.com', '6789012346', 3, '404 Ethan St, City B'),
('Fiona Gallagher', 5, '2025-01-01', 2, 'fiona.gallagher@email.com', '7890123457', 1, '505 Fiona Ave, City B'),
('George Clooney', 6, '2025-01-01', 2, 'george.clooney@email.com', '8901234568', 1, '606 George Rd, City B'),
('Hannah Baker', 7, '2025-01-01', 2, 'hannah.baker@email.com', '9012345679', 1, '707 Hannah Blvd, City B'),
('Isaac Newton', 8, '2025-01-01', 2, 'isaac.newton@email.com', '0123456790', 1, '808 Isaac Ln, City B'),
('Jack Sparrow', 2, '2025-01-01', 3, 'jack.sparrow@email.com', '1234567891', 1, '909 Jack St, City C'),
('Karen Gillan', 3, '2025-01-01', 3, 'karen.gillan@email.com', '2345678903', 3, '101 Karen Ave, City C'),
('Leo Messi', 4, '2025-01-01', 3, 'leo.messi@email.com', '3456789014', 1, '202 Leo Rd, City C'),
('Mia Wallace', 5, '2025-01-01', 3, 'mia.wallace@email.com', '4567890125', 2, '303 Mia Blvd, City C'),
('Noah Centineo', 6, '2025-01-01', 3, 'noah.centineo@email.com', '5678901236', 1, '404 Noah Ln, City C'),
('Olivia Wilde', 7, '2025-01-01', 3, 'olivia.wilde@email.com', '6789012347', 1, '505 Olivia St, City C'),
('Paul Atreides', 8, '2025-01-01', 3, 'paul.atreides@email.com', '7890123458', 1, '606 Paul Ave, City C'),
('Quentin Tarantino', 2, '2025-01-01', 4, 'quentin.tarantino@email.com', '8901234569', 1, '707 Quentin Rd, City D'),
('Rachel Green', 3, '2025-01-01', 4, 'rachel.green@email.com', '9012345680', 1, '808 Rachel Blvd, City D'),
('Steve Rogers', 4, '2025-01-01', 4, 'steve.rogers@email.com', '0123456781', 1, '909 Steve Ln, City D'),
('Tony Stark', 5, '2025-01-01', 4, 'tony.stark@email.com', '1234567892', 3, '101 Tony St, City D'),
('Ethan Carter', 6, '2025-01-01', 4, 'ethan.carter@email.com', '2345678904', 1, '202 Ethan Ave, City D'),
('Sophia Martinez', 7, '2025-01-01', 4, 'sophia.martinez@email.com', '3456789015', 1, '303 Sophia Rd, City D'),
('Liam Anderson', 8, '2025-01-01', 4, 'liam.anderson@email.com', '4567890126', 1, '404 Liam Blvd, City D'),
('Bruce Wayne', 2, '2025-01-12', 5, 'bruce.wayne@email.com', '1112223334', 1, '100 Wayne Manor, Gotham'),
('Diana Prince', 3, '2025-01-13', 2, 'diana.prince@email.com', '2223334445', 1, '200 Themyscira Ave, City B'),
('Clark Kent', 4, '2025-01-14', 1, 'clark.kent@email.com', '3334445556', 1, '300 Daily Planet St, City A'),
('Natasha Romanoff', 5, '2025-01-15', 3, 'natasha.romanoff@email.com', '4445556667', 1, '400 Red Room Blvd, City C'),
('Peter Parker', 6, '2025-01-16', 4, 'peter.parker@email.com', '5556667778', 1, '500 Queens St, City D'),
('Wade Wilson', 7, '2025-01-17', 5, 'wade.wilson@email.com', '6667778889', 2, '600 Merc Blvd, City E'),
('Liam Wilson', 8, '2025-01-01', 4, 'liam.anderson@email.com', '4567890126', 1, '406 Liam Blvd, City D');






CREATE TABLE attendance (
    att_id INT PRIMARY KEY identity(1,1),
    EmployeeID INT NOT NULL,
    date DATE NOT NULL,
    check_in_time TIME,
    check_out_time TIME,
    status VARCHAR(10) CHECK (status IN ('Present', 'Absent', 'Late', 'On Leave', 'Day Off')) DEFAULT 'Present',
    total_hours DECIMAL(5,2) DEFAULT 0.00,
    FOREIGN KEY (EmployeeID) REFERENCES Employee(EmployeeID) ON DELETE CASCADE
);
INSERT INTO Attendance (EmployeeID, date, check_in_time, check_out_time, status, total_hours) VALUES
(1, '2025-03-01', null, null, 'Day Off', 0),
(2, '2025-03-01', null, null, 'Day Off', 0),
(3, '2025-03-01', null, null, 'Day Off', 0),
(4, '2025-03-01', null, null, 'Day Off', 0),
(5, '2025-03-01', null, null, 'Day Off', 0),
(6, '2025-03-01', '09:00', '17:00', 'Present', 8),
(7, '2025-03-01', '09:05', '17:00', 'Present', 7.92),
(8, '2025-03-01', '09:10', '16:55', 'Late', 7.75),
(9, '2025-03-01', '08:55', '16:55', 'Present', 8),
(10, '2025-03-01', '09:00', '17:00', 'Present', 8),
(11, '2025-03-01', '09:10', '17:05', 'Late', 7.92),
(12, '2025-03-01', '09:00', '16:50', 'Present', 7.83),
(13, '2025-03-01', '08:55', '17:05', 'Present', 8.16),
(14, '2025-03-01', '09:15', '16:45', 'Late', 7.50),
(15, '2025-03-01', '08:50', '17:00', 'Present', 8.16),
(16, '2025-03-01', '09:05', '17:05', 'Present', 8),
(17, '2025-03-01', '09:00', '17:00', 'Present', 8),
(18, '2025-03-01', '09:10', '17:10', 'Late', 7.83),
(19, '2025-03-01', '08:50', '16:55', 'Present', 8),
(20, '2025-03-01', '09:15', '17:15', 'Late', 7.75),
(21, '2025-03-01', '08:55', '16:50', 'Present', 7.92),
(22, '2025-03-01', '09:00', '17:00', 'Present', 8),
(23, '2025-03-01', '09:10', '17:10', 'Late', 7.83),
(24, '2025-03-01', '08:55', '17:00', 'Present', 8.08),
(25, '2025-03-01', '09:05', '17:00', 'Present', 7.92),
(26, '2025-03-01', '09:10', '16:45', 'Late', 7.58),
(27, '2025-03-01', '09:00', '17:00', 'Present', 8),
(28, '2025-03-01', '08:55', '16:55', 'Present', 8),
(29, '2025-03-01', '09:05', '17:05', 'Present', 8),
(30, '2025-03-01', '09:10', '17:00', 'Late', 7.83),
(31, '2025-03-01', '09:15', '16:50', 'Late', 7.58),
(32, '2025-03-01', '08:50', '17:10', 'Present', 8.33),
(33, '2025-03-01', '09:00', '17:00', 'Present', 8),
(34, '2025-03-01', '09:05', '17:00', 'Present', 7.92),
(35, '2025-03-01', '08:55', '16:55', 'Present', 8),
(36, '2025-03-01', '09:10', '17:10', 'Late', 7.83),
(37, '2025-03-01', '09:00', '17:00', 'Present', 8),
(38, '2025-03-01', '09:05', '17:05', 'Present', 8),
(39, '2025-03-01', '09:00', '17:00', 'Present', 8),
(40, '2025-03-01', '09:10', '16:55', 'Late', 7.75),

(1, '2025-03-02', null, null, 'Day Off', 0),
(2, '2025-03-02', null, null, 'Day Off', 0),
(3, '2025-03-02', null, null, 'Day Off', 0),
(4, '2025-03-02', null, null, 'Day Off', 0),
(5, '2025-03-02', null, null, 'Day Off', 0),
(6, '2025-03-02', '09:00', '17:00', 'Present', 8),
(7, '2025-03-02', '08:50', '17:10', 'Present', 8.33),
(8, '2025-03-02', '09:10', '16:45', 'Late', 7.58),
(9, '2025-03-02', '09:00', '17:00', 'Present', 8),
(10, '2025-03-02', '09:05', '17:05', 'Present', 8),
(11, '2025-03-02', '08:55', '16:50', 'Present', 7.92),
(12, '2025-03-02', '09:15', '17:00', 'Late', 7.75),
(13, '2025-03-02', '09:00', '16:50', 'Present', 7.83),
(14, '2025-03-02', '08:50', '17:05', 'Present', 8.25),
(15, '2025-03-02', '09:05', '17:10', 'Present', 8.08),
(16, '2025-03-02', '09:10', '16:55', 'Late', 7.75),
(17, '2025-03-02', '09:00', '17:00', 'Present', 8),
(18, '2025-03-02', '08:55', '16:55', 'Present', 8),
(19, '2025-03-02', '09:00', '17:00', 'Present', 8),
(20, '2025-03-02', '09:15', '16:45', 'Late', 7.50),
(21, '2025-03-02', '09:00', '17:00', 'Present', 8),
(22, '2025-03-02', '09:05', '17:05', 'Present', 8),
(23, '2025-03-02', '09:10', '16:55', 'Late', 7.75),
(24, '2025-03-02', '08:55', '16:55', 'Present', 8),
(25, '2025-03-02', '09:00', '17:00', 'Present', 8),
(26, '2025-03-02', '08:50', '17:10', 'Present', 8.33),
(27, '2025-03-02', '09:10', '17:05', 'Late', 7.92),
(28, '2025-03-02', '09:00', '16:55', 'Present', 7.92),
(29, '2025-03-02', '09:15', '17:15', 'Late', 7.75),
(30, '2025-03-02', '09:00', '17:00', 'Present', 8),
(31, '2025-03-02', '08:55', '16:50', 'Present', 7.92),
(32, '2025-03-02', '09:05', '17:00', 'Present', 7.92),
(33, '2025-03-02', '09:10', '17:10', 'Late', 7.83),
(34, '2025-03-02', '09:00', '17:00', 'Present', 8),
(35, '2025-03-02', '08:50', '17:05', 'Present', 8.25),
(36, '2025-03-02', '09:15', '16:45', 'Late', 7.50),
(37, '2025-03-02', '09:00', '16:55', 'Present', 7.92),
(38, '2025-03-02', '09:05', '17:05', 'Present', 8),
(39, '2025-03-02', '09:00', '17:00', 'Present', 8),
(40, '2025-03-02', '08:55', '16:55', 'Present', 8),


(1, '2025-03-03', '09:00', '17:00', 'Present', 8),
(2, '2025-03-03', '08:50', '17:10', 'Present', 8.33),
(3, '2025-03-03', '09:05', '17:05', 'Present', 8),
(4, '2025-03-03', '09:10', '16:55', 'Late', 7.75),
(5, '2025-03-03', '09:15', '16:50', 'Late', 7.58),
(6, '2025-03-03', '09:00', '17:00', 'Present', 8),
(7, '2025-03-03', '09:05', '17:00', 'Present', 7.92),
(8, '2025-03-03', '09:10', '16:55', 'Late', 7.75),
(9, '2025-03-03', '08:55', '16:55', 'Present', 8),
(10, '2025-03-03', '09:00', '17:00', 'Present', 8),
(11, '2025-03-03', '09:10', '17:05', 'Late', 7.92),
(12, '2025-03-03', '09:00', '16:50', 'Present', 7.83),
(13, '2025-03-03', '08:55', '17:05', 'Present', 8.16),
(14, '2025-03-03', '09:15', '16:45', 'Late', 7.50),
(15, '2025-03-03', '08:50', '17:00', 'Present', 8.16),
(16, '2025-03-03', '09:05', '17:05', 'Present', 8),
(17, '2025-03-03', '09:00', '17:00', 'Present', 8),
(18, '2025-03-03', '09:10', '17:10', 'Late', 7.83),
(19, '2025-03-03', '08:50', '16:55', 'Present', 8),
(20, '2025-03-03', '09:15', '17:15', 'Late', 7.75),
(21, '2025-03-03', '08:55', '16:50', 'Present', 7.92),
(22, '2025-03-03', '09:00', '17:00', 'Present', 8),
(23, '2025-03-03', '09:10', '17:10', 'Late', 7.83),
(24, '2025-03-03', '08:55', '17:00', 'Present', 8.08),
(25, '2025-03-03', '09:05', '17:00', 'Present', 7.92),
(26, '2025-03-03', '09:10', '16:45', 'Late', 7.58),
(27, '2025-03-03', '09:00', '17:00', 'Present', 8),
(28, '2025-03-03', '08:55', '16:55', 'Present', 8),
(29, '2025-03-03', '09:05', '17:05', 'Present', 8),
(30, '2025-03-03', '09:10', '17:00', 'Late', 7.83),
(31, '2025-03-03', '09:15', '16:50', 'Late', 7.58),
(32, '2025-03-03', '08:50', '17:10', 'Present', 8.33),
(33, '2025-03-03', '09:00', '17:00', 'Present', 8),
(34, '2025-03-03', '09:05', '17:00', 'Present', 7.92),
(35, '2025-03-03', '08:55', '16:55', 'Present', 8),
(36, '2025-03-03', '09:10', '17:10', 'Late', 7.83),
(37, '2025-03-03', '09:00', '17:00', 'Present', 8),
(38, '2025-03-03', '09:05', '17:05', 'Present', 8),
(39, '2025-03-03', '09:00', '17:00', 'Present', 8),
(40, '2025-03-03', '09:10', '16:55', 'Late', 7.75),

(1, '2025-03-04', '09:05', '17:05', 'Present', 8),
(2, '2025-03-04', '09:10', '16:55', 'Late', 7.75),
(3, '2025-03-04', '08:50', '17:10', 'Present', 8.33),
(4, '2025-03-04', '09:15', '16:50', 'Late', 7.58),
(5, '2025-03-04', '09:00', '17:00', 'Present', 8),
(6, '2025-03-04', '08:55', '16:55', 'Present', 8),
(7, '2025-03-04', '09:10', '17:00', 'Late', 7.83),
(8, '2025-03-04', '09:00', '16:50', 'Present', 7.83),
(9, '2025-03-04', '09:05', '17:10', 'Present', 8.08),
(10, '2025-03-04', '09:15', '16:45', 'Late', 7.50),
(11, '2025-03-04', '08:50', '17:05', 'Present', 8.25),
(12, '2025-03-04', '09:00', '17:00', 'Present', 8),
(13, '2025-03-04', '09:05', '17:00', 'Present', 7.92),
(14, '2025-03-04', '09:10', '17:10', 'Late', 7.83),
(15, '2025-03-04', '08:55', '16:50', 'Present', 7.92),
(16, '2025-03-04', '09:00', '17:00', 'Present', 8),
(17, '2025-03-04', '09:05', '17:05', 'Present', 8),
(18, '2025-03-04', '08:55', '16:55', 'Present', 8),
(19, '2025-03-04', '09:00', '17:00', 'Present', 8),
(20, '2025-03-04', '09:15', '16:50', 'Late', 7.58),
(21, '2025-03-04', '09:10', '17:05', 'Late', 7.92),
(22, '2025-03-04', '08:50', '17:10', 'Present', 8.33),
(23, '2025-03-04', '09:00', '16:55', 'Present', 7.92),
(24, '2025-03-04', '09:15', '17:15', 'Late', 7.75),
(25, '2025-03-04', '08:55', '16:50', 'Present', 7.92),
(26, '2025-03-04', '09:00', '17:00', 'Present', 8),
(27, '2025-03-04', '09:05', '17:05', 'Present', 8),
(28, '2025-03-04', '09:10', '16:55', 'Late', 7.75),
(29, '2025-03-04', '08:55', '16:55', 'Present', 8),
(30, '2025-03-04', '09:00', '17:00', 'Present', 8),
(31, '2025-03-04', '09:10', '16:45', 'Late', 7.58),
(32, '2025-03-04', '09:00', '16:55', 'Present', 7.92),
(33, '2025-03-04', '09:15', '17:00', 'Late', 7.75),
(34, '2025-03-04', '08:50', '17:05', 'Present', 8.25),
(35, '2025-03-04', '09:00', '17:00', 'Present', 8),
(36, '2025-03-04', '08:55', '16:55', 'Present', 8),
(37, '2025-03-04', '09:00', '17:00', 'Present', 8),
(38, '2025-03-04', '09:05', '17:00', 'Present', 7.92),
(39, '2025-03-04', '09:10', '17:10', 'Late', 7.83),
(40, '2025-03-04', '09:00', '17:00', 'Present', 8),

(1, '2025-03-05', '09:05', '17:10', 'Present', 8.08),
(2, '2025-03-05', '09:10', '16:50', 'Late', 7.67),
(3, '2025-03-05', '08:55', '17:05', 'Present', 8.16),
(4, '2025-03-05', '09:00', '17:00', 'Present', 8),
(5, '2025-03-05', '09:15', '16:45', 'Late', 7.50),
(6, '2025-03-05', '08:50', '17:10', 'Present', 8.33),
(7, '2025-03-05', '09:05', '16:55', 'Present', 7.92),
(8, '2025-03-05', '09:00', '17:00', 'Present', 8),
(9, '2025-03-05', '08:55', '16:50', 'Present', 7.92),
(10, '2025-03-05', '09:10', '17:05', 'Late', 7.92),
(11, '2025-03-05', '09:00', '17:00', 'Present', 8),
(12, '2025-03-05', '09:15', '16:55', 'Late', 7.67),
(13, '2025-03-05', '08:50', '17:10', 'Present', 8.33),
(14, '2025-03-05', '09:05', '17:05', 'Present', 8),
(15, '2025-03-05', '09:00', '16:50', 'Present', 7.83),
(16, '2025-03-05', '09:10', '17:10', 'Late', 7.83),
(17, '2025-03-05', '08:55', '17:00', 'Present', 8.08),
(18, '2025-03-05', '09:00', '17:00', 'Present', 8),
(19, '2025-03-05', '09:15', '16:45', 'Late', 7.50),
(20, '2025-03-05', '09:00', '17:05', 'Present', 8.08),
(21, '2025-03-05', '09:10', '16:55', 'Late', 7.75),
(22, '2025-03-05', '08:55', '17:00', 'Present', 8.08),
(23, '2025-03-05', '09:05', '16:50', 'Present', 7.83),
(24, '2025-03-05', '09:00', '17:00', 'Present', 8),
(25, '2025-03-05', '09:15', '17:15', 'Late', 7.75),
(26, '2025-03-05', '08:50', '17:05', 'Present', 8.25),
(27, '2025-03-05', '09:05', '17:10', 'Present', 8.08),
(28, '2025-03-05', '09:10', '16:50', 'Late', 7.67),
(29, '2025-03-05', '08:55', '17:00', 'Present', 8.08),
(30, '2025-03-05', '09:00', '17:00', 'Present', 8),
(31, '2025-03-05', '09:15', '16:45', 'Late', 7.50),
(32, '2025-03-05', '09:00', '16:50', 'Present', 7.83),
(34, '2025-03-05', '09:05', '16:55', 'Present', 7.92),
(35, '2025-03-05', '09:10', '17:10', 'Late', 7.83),
(36, '2025-03-05', '09:00', '17:00', 'Present', 8),
(37, '2025-03-05', '09:05', '17:05', 'Present', 8),
(38, '2025-03-05', '08:50', '17:10', 'Present', 8.33),
(39, '2025-03-05', '09:10', '16:55', 'Late', 7.75),
(40, '2025-03-05', '09:00', '17:00', 'Present', 8),

(1, '2025-03-06', '08:55', '17:05', 'Present', 8.16),
(2, '2025-03-06', '09:10', '16:50', 'Late', 7.67),
(3, '2025-03-06', '09:00', '17:00', 'Present', 8),
(4, '2025-03-06', '08:50', '17:10', 'Present', 8.33),
(5, '2025-03-06', '09:15', '16:55', 'Late', 7.67),
(6, '2025-03-06', '09:00', '17:00', 'Present', 8),
(7, '2025-03-06', '09:05', '17:05', 'Present', 8),
(8, '2025-03-06', '08:55', '16:50', 'Present', 7.92),
(9, '2025-03-06', '09:10', '17:05', 'Late', 7.92),
(10, '2025-03-06', '09:00', '16:55', 'Present', 7.92),
(11, '2025-03-06', '09:05', '17:00', 'Present', 7.92),
(12, '2025-03-06', '08:50', '17:10', 'Present', 8.33),
(13, '2025-03-06', '09:15', '16:45', 'Late', 7.50),
(14, '2025-03-06', '09:00', '17:00', 'Present', 8),
(15, '2025-03-06', '08:55', '17:05', 'Present', 8.16),
(16, '2025-03-06', '09:05', '17:00', 'Present', 7.92),
(17, '2025-03-06', '09:10', '17:10', 'Late', 7.83),
(18, '2025-03-06', '09:00', '17:00', 'Present', 8),
(19, '2025-03-06', '08:50', '17:10', 'Present', 8.33),
(20, '2025-03-06', '09:15', '16:45', 'Late', 7.50),
(21, '2025-03-06', '09:00', '16:55', 'Present', 7.92),
(22, '2025-03-06', '08:55', '16:50', 'Present', 7.92),
(23, '2025-03-06', '09:10', '17:05', 'Late', 7.92),
(24, '2025-03-06', '09:05', '17:05', 'Present', 8),
(25, '2025-03-06', '09:00', '17:00', 'Present', 8),
(26, '2025-03-06', '09:10', '16:55', 'Late', 7.75),
(27, '2025-03-06', '08:55', '16:55', 'Present', 8),
(28, '2025-03-06', '09:15', '17:15', 'Late', 7.75),
(29, '2025-03-06', '09:00', '17:00', 'Present', 8),
(30, '2025-03-06', '09:05', '17:00', 'Present', 7.92),
(31, '2025-03-06', '08:50', '17:10', 'Present', 8.33),
(32, '2025-03-06', '09:00', '16:55', 'Present', 7.92),
(33, '2025-03-06', '09:05', '17:05', 'Present', 8),
(34, '2025-03-06', '09:15', '16:50', 'Late', 7.58),
(35, '2025-03-06', '09:00', '17:00', 'Present', 8),
(36, '2025-03-06', '08:55', '16:50', 'Present', 7.92),
(37, '2025-03-06', '09:10', '17:10', 'Late', 7.83),
(38, '2025-03-06', '09:00', '17:00', 'Present', 8),
(39, '2025-03-06', '09:05', '17:05', 'Present', 8),
(40, '2025-03-06', '08:55', '17:05', 'Present', 8.16),

(1, '2025-03-07', '08:55', '17:05', 'Present', 8.16),  
(2, '2025-03-07', '09:00', '16:50', 'Present', 7.67),  
(3, '2025-03-07', '09:00', '17:00', 'Present', 8),  
(4, '2025-03-07', '08:50', '17:10', 'Present', 8.33),  
(5, '2025-03-07', '09:15', '16:55', 'Late', 7.67),  
(6, '2025-03-07', '08:50', '17:00', 'Present', 8.17),  
(7, '2025-03-07', '09:10', '16:55', 'Late', 7.75),  
(8, '2025-03-07', '09:00', '17:00', 'Present', 8),  
(9, '2025-03-07', '08:55', '17:10', 'Present', 8.25),  
(10, '2025-03-07', '09:00', '16:55', 'Present', 7.92),  
(11, '2025-03-07', '09:05', '17:05', 'Present', 8),  
(12, '2025-03-07', '09:15', '16:50', 'Late', 7.58),  
(13, '2025-03-07', '09:00', '17:10', 'Present', 8.16),  
(14, '2025-03-07', '08:50', '17:05', 'Present', 8.25),  
(15, '2025-03-07', '09:10', '17:00', 'Late', 7.83),  
(16, '2025-03-07', '09:00', '16:50', 'Present', 7.83),  
(17, '2025-03-07', '08:55', '16:55', 'Present', 8),  
(18, '2025-03-07', '09:05', '17:00', 'Present', 7.92),  
(19, '2025-03-07', '09:15', '17:15', 'Late', 7.75),  
(20, '2025-03-07', '09:00', '17:00', 'Present', 8),  
(21, '2025-03-07', '08:55', '16:55', 'Present', 8),  
(22, '2025-03-07', '09:10', '17:05', 'Late', 7.92),  
(23, '2025-03-07', '09:05', '17:00', 'Present', 7.92),  
(24, '2025-03-07', '08:50', '17:00', 'Present', 8.17),  
(25, '2025-03-07', '09:15', '16:50', 'Late', 7.58),  
(26, '2025-03-07', '09:00', '17:10', 'Present', 8.16),  
(27, '2025-03-07', '08:55', '17:05', 'Present', 8.16),  
(28, '2025-03-07', '09:00', '16:50', 'Present', 7.83),  
(29, '2025-03-07', '09:05', '17:05', 'Present', 8),  
(30, '2025-03-07', '09:10', '17:00', 'Late', 7.83),  
(31, '2025-03-07', '09:00', '16:55', 'Present', 7.92),  
(32, '2025-03-07', '08:50', '17:05', 'Present', 8.25),  
(33, '2025-03-07', '09:15', '16:45', 'Late', 7.50),  
(34, '2025-03-07', '09:00', '17:00', 'Present', 8),  
(35, '2025-03-07', '08:55', '17:10', 'Present', 8.25),  
(36, '2025-03-07', '09:10', '16:55', 'Late', 7.75),  
(37, '2025-03-07', '09:00', '17:00', 'Present', 8),  
(38, '2025-03-07', '09:05', '17:05', 'Present', 8),  
(39, '2025-03-07', '08:55', '16:55', 'Present', 8),  
(40, '2025-03-07', '09:00', '17:10', 'Present', 8.16),  

(1, '2025-03-08', null, null, 'Day Off', 0),  
(2, '2025-03-08', null, null, 'Day Off', 0),  
(3, '2025-03-08', null, null, 'Day Off', 0),  
(4, '2025-03-08', null, null, 'Day Off', 0),  
(5, '2025-03-08', null, null, 'Day Off', 0),  
(6, '2025-03-08', '09:00', '17:00', 'Present', 8),  
(7, '2025-03-08', '08:50', '17:05', 'Present', 8.25),  
(8, '2025-03-08', '09:05', '17:10', 'Present', 8.08),  
(9, '2025-03-08', '09:00', '17:00', 'Present', 8),  
(10, '2025-03-08', '08:55', '16:55', 'Present', 8),  
(11, '2025-03-08', '09:10', '17:10', 'Late', 7.83),  
(12, '2025-03-08', '09:05', '16:50', 'Late', 7.75),  
(13, '2025-03-08', '09:00', '17:00', 'Present', 8),  
(14, '2025-03-08', '08:50', '17:10', 'Present', 8.33),  
(15, '2025-03-08', '09:15', '16:45', 'Late', 7.50),  
(16, '2025-03-08', '09:00', '17:00', 'Present', 8),  
(17, '2025-03-08', '09:05', '17:05', 'Present', 8),  
(18, '2025-03-08', '09:10', '17:10', 'Late', 7.83),  
(19, '2025-03-08', '09:00', '16:55', 'Present', 7.92),  
(20, '2025-03-08', '08:55', '17:05', 'Present', 8.16),  
(21, '2025-03-08', '09:15', '16:50', 'Late', 7.58),  
(22, '2025-03-08', '09:00', '17:00', 'Present', 8),  
(23, '2025-03-08', '09:05', '17:05', 'Present', 8),  
(24, '2025-03-08', '08:50', '16:55', 'Present', 8),  
(25, '2025-03-08', '09:10', '17:00', 'Late', 7.75),  
(26, '2025-03-08', '09:00', '17:00', 'Present', 8),  
(27, '2025-03-08', '09:05', '17:05', 'Present', 8),  
(28, '2025-03-08', '08:55', '16:50', 'Present', 7.92),  
(29, '2025-03-08', '09:10', '17:10', 'Late', 7.83),  
(30, '2025-03-08', '09:00', '17:00', 'Present', 8),  
(31, '2025-03-08', '08:55', '17:00', 'Present', 8.08),  
(32, '2025-03-08', '09:15', '16:45', 'Late', 7.50),  
(33, '2025-03-08', '09:00', '17:00', 'Present', 8),  
(34, '2025-03-08', '09:05', '17:05', 'Present', 8),  
(35, '2025-03-08', '08:50', '17:10', 'Present', 8.33),  
(36, '2025-03-08', '09:00', '16:55', 'Present', 7.92),  
(37, '2025-03-08', '09:05', '17:05', 'Present', 8),  
(38, '2025-03-08', '09:10', '16:55', 'Late', 7.75),  
(39, '2025-03-08', '09:00', '17:00', 'Present', 8),  
(40, '2025-03-08', '08:55', '16:55', 'Present', 8),

(1, '2025-03-09', null, null, 'Day Off', 0),
(2, '2025-03-09', null, null, 'Day Off', 0),
(3, '2025-03-09', null, null, 'Day Off', 0),
(4, '2025-03-09', null, null, 'Day Off', 0),
(5, '2025-03-09', null, null, 'Day Off', 0),
(6, '2025-03-09', '08:50', '17:10', 'Present', 8.33),
(7, '2025-03-09', '09:00', '17:00', 'Present', 8),
(8, '2025-03-09', '09:05', '17:00', 'Present', 7.92),
(9, '2025-03-09', '09:10', '16:55', 'Late', 7.75),
(10, '2025-03-09', '09:00', '17:00', 'Present', 8),
(11, '2025-03-09', '08:55', '17:00', 'Present', 8.08),
(12, '2025-03-09', '09:15', '17:15', 'Late', 7.75),
(13, '2025-03-09', '09:00', '16:55', 'Present', 7.92),
(14, '2025-03-09', '08:50', '17:05', 'Present', 8.25),
(15, '2025-03-09', '09:05', '17:00', 'Present', 7.92),
(16, '2025-03-09', '09:10', '17:10', 'Late', 7.83),
(17, '2025-03-09', '09:00', '17:00', 'Present', 8),
(18, '2025-03-09', '09:00', '16:50', 'Present', 7.83),
(19, '2025-03-09', '09:05', '17:05', 'Present', 8),
(20, '2025-03-09', '09:15', '16:50', 'Late', 7.58),
(21, '2025-03-09', '08:55', '17:00', 'Present', 8.08),
(22, '2025-03-09', '09:00', '16:55', 'Present', 7.92),
(23, '2025-03-09', '09:10', '17:05', 'Late', 7.92),
(24, '2025-03-09', '08:50', '17:05', 'Present', 8.25),
(25, '2025-03-09', '09:00', '17:00', 'Present', 8),
(26, '2025-03-09', '08:55', '16:55', 'Present', 8),
(27, '2025-03-09', '09:15', '16:45', 'Late', 7.50),
(28, '2025-03-09', '09:00', '17:00', 'Present', 8),
(29, '2025-03-09', '09:05', '17:10', 'Present', 8.08),
(30, '2025-03-09', '09:00', '16:50', 'Present', 7.83),
(31, '2025-03-09', '08:50', '17:10', 'Present', 8.33),
(32, '2025-03-09', '09:10', '17:10', 'Late', 7.83),
(33, '2025-03-09', '09:05', '17:05', 'Present', 8),
(34, '2025-03-09', '08:55', '16:50', 'Present', 7.92),
(35, '2025-03-09', '09:00', '17:00', 'Present', 8),
(36, '2025-03-09', '09:15', '17:15', 'Late', 7.75),
(37, '2025-03-09', '08:50', '16:55', 'Present', 8),
(38, '2025-03-09', '09:05', '17:05', 'Present', 8),
(39, '2025-03-09', '09:00', '17:00', 'Present', 8),
(40, '2025-03-09', '09:10', '16:55', 'Late', 7.75),

(1, '2025-03-10', '09:10', '17:05', 'Late', 7.92),  
(2, '2025-03-10', '09:00', '16:55', 'Present', 7.92),  
(3, '2025-03-10', '09:05', '17:10', 'Present', 8.08),  
(4, '2025-03-10', '09:15', '16:50', 'Late', 7.58),  
(5, '2025-03-10', '08:50', '17:05', 'Present', 8.25),  
(6, '2025-03-10', '09:00', '17:00', 'Present', 8),  
(7, '2025-03-10', '09:10', '16:45', 'Late', 7.58),  
(8, '2025-03-10', '08:55', '17:00', 'Present', 8.08),  
(9, '2025-03-10', '09:00', '17:10', 'Present', 8.16),  
(10, '2025-03-10', '09:05', '17:05', 'Present', 8),  
(11, '2025-03-10', '08:55', '17:00', 'Present', 8.08),  
(12, '2025-03-10', '09:15', '17:00', 'Late', 7.75),  
(13, '2025-03-10', '09:00', '16:50', 'Present', 7.83),  
(14, '2025-03-10', '08:50', '17:10', 'Present', 8.33),  
(15, '2025-03-10', '09:05', '17:00', 'Present', 7.92),  
(16, '2025-03-10', '09:10', '17:10', 'Late', 7.83),  
(17, '2025-03-10', '09:00', '17:00', 'Present', 8),  
(18, '2025-03-10', '08:55', '16:50', 'Present', 7.92),  
(19, '2025-03-10', '09:00', '17:00', 'Present', 8),  
(20, '2025-03-10', '09:15', '16:45', 'Late', 7.50),  
(21, '2025-03-10', '09:00', '17:00', 'Present', 8),  
(22, '2025-03-10', '09:05', '17:05', 'Present', 8),  
(23, '2025-03-10', '09:10', '16:55', 'Late', 7.75),  
(24, '2025-03-10', '08:55', '16:55', 'Present', 8),  
(25, '2025-03-10', '09:00', '17:00', 'Present', 8),  
(26, '2025-03-10', '08:50', '17:10', 'Present', 8.33),  
(27, '2025-03-10', '09:10', '17:05', 'Late', 7.92),  
(28, '2025-03-10', '09:00', '16:55', 'Present', 7.92),  
(29, '2025-03-10', '09:15', '17:15', 'Late', 7.75),  
(30, '2025-03-10', '09:00', '17:00', 'Present', 8),  
(31, '2025-03-10', '08:55', '16:50', 'Present', 7.92),  
(32, '2025-03-10', '09:05', '17:00', 'Present', 7.92),  
(33, '2025-03-10', '09:10', '17:10', 'Late', 7.83),  
(34, '2025-03-10', '09:00', '17:00', 'Present', 8),  
(35, '2025-03-10', '08:50', '17:05', 'Present', 8.25),  
(36, '2025-03-10', '09:15', '16:45', 'Late', 7.50),  
(37, '2025-03-10', '09:00', '16:55', 'Present', 7.92),  
(38, '2025-03-10', '09:05', '17:05', 'Present', 8),  
(39, '2025-03-10', '09:00', '17:00', 'Present', 8),  
(40, '2025-03-10', '08:55', '16:55', 'Present', 8),  

(1, '2025-03-11', '08:55', '16:50', 'Present', 7.92),  
(2, '2025-03-11', '09:10', '17:05', 'Late', 7.92),  
(3, '2025-03-11', '09:00', '17:00', 'Present', 8),  
(4, '2025-03-11', '09:05', '17:05', 'Present', 8),  
(5, '2025-03-11', '08:50', '17:10', 'Present', 8.33),  
(6, '2025-03-11', '09:00', '16:55', 'Present', 7.92),  
(7, '2025-03-11', '09:15', '16:45', 'Late', 7.50),  
(8, '2025-03-11', '08:55', '17:05', 'Present', 8.16),  
(9, '2025-03-11', '09:00', '17:00', 'Present', 8),  
(10, '2025-03-11', '09:10', '16:55', 'Late', 7.75),  
(11, '2025-03-11', '09:05', '17:00', 'Late', 7.92),  
(12, '2025-03-11', '09:00', '16:50', 'Present', 7.83),  
(13, '2025-03-11', '08:50', '17:10', 'Present', 8.33),  
(14, '2025-03-11', '09:00', '17:00', 'Present', 8),  
(15, '2025-03-11', '09:10', '17:05', 'Late', 7.92),  
(16, '2025-03-11', '09:00', '17:00', 'Present', 8),  
(17, '2025-03-11', '08:55', '16:55', 'Present', 8),  
(18, '2025-03-11', '09:15', '17:15', 'Late', 7.75),  
(19, '2025-03-11', '09:05', '17:05', 'Present', 8),  
(20, '2025-03-11', '09:00', '17:00', 'Present', 8),  
(21, '2025-03-11', '09:10', '17:10', 'Late', 7.83),  
(22, '2025-03-11', '09:00', '16:55', 'Present', 7.92),  
(23, '2025-03-11', '08:55', '17:00', 'Present', 8.08),  
(24, '2025-03-11', '09:00', '17:00', 'Present', 8),  
(25, '2025-03-11', '09:05', '17:05', 'Present', 8),  
(26, '2025-03-11', '09:15', '16:50', 'Late', 7.58),  
(27, '2025-03-11', '09:00', '17:00', 'Present', 8),  
(28, '2025-03-11', '09:10', '17:10', 'Late', 7.83),  
(29, '2025-03-11', '08:50', '17:10', 'Present', 8.33),  
(30, '2025-03-11', '09:00', '17:00', 'Present', 8),  
(31, '2025-03-11', '08:55', '16:50', 'Present', 7.92),  
(32, '2025-03-11', '09:05', '17:00', 'Present', 7.92),  
(33, '2025-03-11', '09:10', '17:10', 'Late', 7.83),  
(34, '2025-03-11', '09:00', '17:00', 'Present', 8),  
(35, '2025-03-11', '08:50', '17:05', 'Present', 8.25),  
(36, '2025-03-11', '09:15', '16:45', 'Late', 7.50),  
(37, '2025-03-11', '09:00', '16:55', 'Present', 7.92),  
(38, '2025-03-11', '09:05', '17:05', 'Present', 8),  
(39, '2025-03-11', '09:00', '17:00', 'Present', 8),  
(40, '2025-03-11', '08:55', '16:55', 'Present', 8),  

(1, '2025-03-12', '09:00', '17:00', 'Present', 8),  
(2, '2025-03-12', '09:00', '17:00', 'Present', 8),  
(3, '2025-03-12', '09:00', '17:00', 'Present', 8),  
(4, '2025-03-12', '08:55', '17:00', 'Present', 8.08),  
(5, '2025-03-12', '09:00', '17:00', 'Present', 8),  
(6, '2025-03-12', '09:00', '17:00', 'Present', 8),  
(7, '2025-03-12', '09:00', '17:00', 'Present', 8),  
(8, '2025-03-12', '09:00', '17:00', 'Present', 8),  
(9, '2025-03-12', '08:50', '17:10', 'Present', 8.33),  
(10, '2025-03-12', '09:00', '17:00', 'Present', 8),  
(11, '2025-03-12', '09:00', '17:00', 'Present', 8),  
(12, '2025-03-12', '09:00', '17:00', 'Present', 8),  
(13, '2025-03-12', '09:00', '17:00', 'Present', 8),  
(14, '2025-03-12', '09:00', '17:00', 'Present', 8),  
(15, '2025-03-12', '08:50', '17:10', 'Present', 8.33),  
(16, '2025-03-12', '09:00', '17:00', 'Present', 8),  
(17, '2025-03-12', '09:00', '17:00', 'Present', 8),  
(18, '2025-03-12', '09:00', '17:00', 'Present', 8),  
(19, '2025-03-12', '09:00', '17:00', 'Present', 8),  
(20, '2025-03-12', '08:55', '17:05', 'Present', 8.16),  
(21, '2025-03-12', '09:00', '17:00', 'Present', 8),  
(22, '2025-03-12', '09:00', '17:00', 'Present', 8),  
(23, '2025-03-12', '08:50', '16:50', 'Present', 8),  
(24, '2025-03-12', '09:00', '17:00', 'Present', 8),  
(25, '2025-03-12', '09:00', '17:00', 'Present', 8),  
(26, '2025-03-12', '09:00', '17:00', 'Present', 8),  
(27, '2025-03-12', '09:05', '17:05', 'Present', 8),  
(28, '2025-03-12', '09:00', '17:00', 'Present', 8),  
(29, '2025-03-12', '08:55', '16:55', 'Present', 8),  
(30, '2025-03-12', '09:00', '17:00', 'Present', 8),  
(31, '2025-03-12', '09:00', '17:00', 'Present', 8),  
(32, '2025-03-12', '09:05', '17:05', 'Present', 8),  
(33, '2025-03-12', '09:00', '17:00', 'Present', 8),  
(34, '2025-03-12', '09:15', '17:15', 'Late', 7.75),  
(35, '2025-03-12', '08:55', '16:55', 'Present', 8),  
(36, '2025-03-12', '09:10', '17:10', 'Late', 7.83),  
(37, '2025-03-12', '09:00', '17:00', 'Present', 8),  
(38, '2025-03-12', '09:00', '17:00', 'Present', 8),  
(39, '2025-03-12', '09:00', '17:00', 'Present', 8),  
(40, '2025-03-12', '09:05', '17:05', 'Present', 8),

(1, '2025-03-13', '09:00', '17:00', 'Present', 8),  
(2, '2025-03-13', '09:15', '17:00', 'Late', 7.75),  
(3, '2025-03-13', '09:00', '17:00', 'Present', 8),  
(4, '2025-03-13', '08:55', '17:00', 'Present', 8.08),  
(5, '2025-03-13', '09:05', '17:00', 'Late', 7.92),  
(6, '2025-03-13', '09:00', '17:00', 'Present', 8),  
(7, '2025-03-13', '09:10', '16:50', 'Late', 7.67),  
(8, '2025-03-13', '09:00', '17:00', 'Present', 8),  
(9, '2025-03-13', '08:50', '17:10', 'Present', 8.33),  
(10, '2025-03-13', '09:00', '17:00', 'Present', 8),  
(11, '2025-03-13', '09:00', '17:00', 'Present', 8),  
(12, '2025-03-13', '09:10', '17:05', 'Late', 7.92),  
(13, '2025-03-13', '09:05', '17:00', 'Late', 7.92),  
(14, '2025-03-13', '09:00', '17:00', 'Present', 8),  
(15, '2025-03-13', '08:50', '17:10', 'Present', 8.33),  
(16, '2025-03-13', '09:00', '17:00', 'Present', 8),  
(17, '2025-03-13', '09:15', '16:50', 'Late', 7.58),  
(18, '2025-03-13', '09:00', '17:00', 'Present', 8),  
(19, '2025-03-13', '09:00', '17:00', 'Present', 8),  
(20, '2025-03-13', '08:55', '17:05', 'Present', 8.16),  
(21, '2025-03-13', '09:00', '17:00', 'Present', 8),  
(22, '2025-03-13', '09:10', '17:10', 'Late', 7.83),  
(23, '2025-03-13', '08:50', '16:50', 'Present', 8),  
(24, '2025-03-13', '09:00', '17:00', 'Present', 8),  
(25, '2025-03-13', '09:15', '17:15', 'Late', 7.75),  
(26, '2025-03-13', '09:00', '17:00', 'Present', 8),  
(27, '2025-03-13', '09:05', '17:05', 'Present', 8),  
(28, '2025-03-13', '09:00', '17:00', 'Present', 8),  
(29, '2025-03-13', '08:55', '16:55', 'Present', 8),  
(30, '2025-03-13', '09:00', '17:00', 'Present', 8),  
(31, '2025-03-13', '09:00', '17:00', 'Present', 8),  
(32, '2025-03-13', '09:05', '17:05', 'Present', 8),  
(33, '2025-03-13', '09:00', '17:00', 'Present', 8),  
(34, '2025-03-13', '09:15', '17:15', 'Late', 7.75),  
(35, '2025-03-13', '08:55', '16:55', 'Present', 8),  
(36, '2025-03-13', '09:10', '17:10', 'Late', 7.83),  
(37, '2025-03-13', '09:00', '17:00', 'Present', 8),  
(38, '2025-03-13', '09:00', '17:00', 'Present', 8),  
(39, '2025-03-13', '09:00', '17:00', 'Present', 8),  
(40, '2025-03-13', '09:05', '17:05', 'Present', 8),  

(1, '2025-03-14', '09:00', '17:00', 'Present', 8),  
(2, '2025-03-14', '09:15', '17:00', 'Late', 7.75),  
(3, '2025-03-14', '09:00', '17:00', 'Present', 8),  
(4, '2025-03-14', '08:55', '17:00', 'Present', 8.08),  
(5, '2025-03-14', '09:05', '17:00', 'Late', 7.92),  
(6, '2025-03-14', '09:00', '17:00', 'Present', 8),  
(7, '2025-03-14', '09:10', '16:50', 'Late', 7.67),  
(8, '2025-03-14', '09:00', '17:00', 'Present', 8),  
(9, '2025-03-14', '08:50', '17:10', 'Present', 8.33),  
(10, '2025-03-14', '09:00', '17:00', 'Present', 8),  
(11, '2025-03-14', '09:00', '17:00', 'Present', 8),  
(12, '2025-03-14', '09:10', '17:05', 'Late', 7.92),  
(13, '2025-03-14', '09:05', '17:00', 'Late', 7.92),  
(14, '2025-03-14', '09:00', '17:00', 'Present', 8),  
(15, '2025-03-14', '08:50', '17:10', 'Present', 8.33),  
(16, '2025-03-14', '09:00', '17:00', 'Present', 8),  
(17, '2025-03-14', '09:15', '16:50', 'Late', 7.58),  
(18, '2025-03-14', '09:00', '17:00', 'Present', 8),  
(19, '2025-03-14', '09:00', '17:00', 'Present', 8),  
(20, '2025-03-14', '08:55', '17:05', 'Present', 8.16),  
(21, '2025-03-14', '09:00', '17:00', 'Present', 8),  
(22, '2025-03-14', '09:10', '17:10', 'Late', 7.83),  
(23, '2025-03-14', '08:50', '16:50', 'Present', 8),  
(24, '2025-03-14', '09:00', '17:00', 'Present', 8),  
(25, '2025-03-14', '09:15', '17:15', 'Late', 7.75),  
(26, '2025-03-14', '09:00', '17:00', 'Present', 8),  
(27, '2025-03-14', '09:05', '17:05', 'Present', 8),  
(28, '2025-03-14', '09:00', '17:00', 'Present', 8),  
(29, '2025-03-14', '08:55', '16:55', 'Present', 8),  
(30, '2025-03-14', '09:00', '17:00', 'Present', 8),  
(31, '2025-03-14', '09:00', '17:00', 'Present', 8),  
(32, '2025-03-14', '09:05', '17:05', 'Present', 8),  
(33, '2025-03-14', '09:00', '17:00', 'Present', 8),  
(34, '2025-03-14', '09:15', '17:15', 'Late', 7.75),  
(35, '2025-03-14', '08:55', '16:55', 'Present', 8),  
(36, '2025-03-14', '09:10', '17:10', 'Late', 7.83),  
(37, '2025-03-14', '09:00', '17:00', 'Present', 8),  
(38, '2025-03-14', '09:00', '17:00', 'Present', 8),  
(39, '2025-03-14', '09:00', '17:00', 'Present', 8),  
(40, '2025-03-14', '09:05', '17:05', 'Present', 8),  

(1, '2025-03-15', null, null, 'Day Off', 0),  
(2, '2025-03-15', null, null, 'Day Off', 0),  
(3, '2025-03-15', null, null, 'Day Off', 0),  
(4, '2025-03-15', null, null, 'Day Off', 0),  
(5, '2025-03-15', null, null, 'Day Off', 0),  
(6, '2025-03-15', '09:00', '17:00', 'Present', 8),  
(7, '2025-03-15', '09:10', '16:50', 'Late', 7.67),  
(8, '2025-03-15', '09:00', '17:00', 'Present', 8),  
(9, '2025-03-15', '08:50', '17:10', 'Present', 8.33),  
(10, '2025-03-15', '09:00', '17:00', 'Present', 8),  
(11, '2025-03-15', '09:00', '17:00', 'Present', 8),  
(12, '2025-03-15', '09:10', '17:05', 'Late', 7.92),  
(13, '2025-03-15', '09:05', '17:00', 'Late', 7.92),  
(14, '2025-03-15', '09:00', '17:00', 'Present', 8),  
(15, '2025-03-15', '08:50', '17:10', 'Present', 8.33),  
(16, '2025-03-15', '09:00', '17:00', 'Present', 8),  
(17, '2025-03-15', '09:15', '16:50', 'Late', 7.58),  
(18, '2025-03-15', '09:00', '17:00', 'Present', 8),  
(19, '2025-03-15', '09:00', '17:00', 'Present', 8),  
(20, '2025-03-15', '08:55', '17:05', 'Present', 8.16),  
(21, '2025-03-15', '09:00', '17:00', 'Present', 8),  
(22, '2025-03-15', '09:10', '17:10', 'Late', 7.83),  
(23, '2025-03-15', '08:50', '16:50', 'Present', 8),  
(24, '2025-03-15', '09:00', '17:00', 'Present', 8),  
(25, '2025-03-15', '09:15', '17:15', 'Late', 7.75),  
(26, '2025-03-15', '09:00', '17:00', 'Present', 8),  
(27, '2025-03-15', '09:05', '17:05', 'Present', 8),  
(28, '2025-03-15', '09:00', '17:00', 'Present', 8),  
(29, '2025-03-15', '08:55', '16:55', 'Present', 8),  
(30, '2025-03-15', '09:00', '17:00', 'Present', 8),  
(31, '2025-03-15', '09:00', '17:00', 'Present', 8),  
(32, '2025-03-15', '09:05', '17:05', 'Present', 8),  
(33, '2025-03-15', '09:00', '17:00', 'Present', 8),  
(34, '2025-03-15', '09:15', '17:15', 'Late', 7.75),  
(35, '2025-03-15', '08:55', '16:55', 'Present', 8),  
(36, '2025-03-15', '09:10', '17:10', 'Late', 7.83),  
(37, '2025-03-15', '09:00', '17:00', 'Present', 8),  
(38, '2025-03-15', '09:00', '17:00', 'Present', 8),  
(39, '2025-03-15', '09:00', '17:00', 'Present', 8),  
(40, '2025-03-15', null, null, 'Absent', 0),

(1, '2025-03-16', null, null, 'Day Off', 0),  
(2, '2025-03-16', null, null, 'Day Off', 0),  
(3, '2025-03-16', null, null, 'Day Off', 0),  
(4, '2025-03-16', null, null, 'Day Off', 0),  
(5, '2025-03-16', null, null, 'Day Off', 0),  
(6, '2025-03-15', '09:00', '17:00', 'Present', 8),  
(7, '2025-03-16', '09:00', '16:50', 'Present', 7.67),  
(8, '2025-03-16', '09:00', '17:00', 'Present', 8),  
(9, '2025-03-16', '08:50', '17:10', 'Present', 8.33),  
(10, '2025-03-16', '09:00', '17:00', 'Present', 8),  
(11, '2025-03-16', '09:00', '17:00', 'Present', 8),  
(12, '2025-03-16', '09:00', '17:05', 'Present', 7.92),  
(13, '2025-03-16', '09:00', '17:00', 'Present', 7.92),  
(14, '2025-03-16', '09:00', '17:00', 'Present', 8),  
(15, '2025-03-16', '08:50', '17:10', 'Present', 8.33),  
(16, '2025-03-16', '09:00', '17:00', 'Present', 8),  
(17, '2025-03-16', '09:00', '16:50', 'Present', 7.58),  
(18, '2025-03-16', '09:00', '17:00', 'Present', 8),  
(19, '2025-03-16', '09:00', '17:00', 'Present', 8),  
(20, '2025-03-16', '08:55', '17:05', 'Present', 8.16),  
(21, '2025-03-16', '09:00', '17:00', 'Present', 8),  
(22, '2025-03-16', '09:00', '17:10', 'Present', 7.83),  
(23, '2025-03-16', '08:50', '16:50', 'Present', 8),  
(24, '2025-03-16', '09:00', '17:00', 'Present', 8),  
(25, '2025-03-16', '09:00', '17:15', 'Present', 7.75),  
(26, '2025-03-16', '09:00', '17:00', 'Present', 8),  
(27, '2025-03-16', '09:00', '17:05', 'Present', 8),  
(28, '2025-03-16', '09:00', '17:00', 'Present', 8),  
(29, '2025-03-16', '08:55', '16:55', 'Present', 8),  
(30, '2025-03-16', '09:00', '17:00', 'Present', 8),  
(31, '2025-03-16', '09:00', '17:00', 'Present', 8),  
(32, '2025-03-16', '09:05', '17:05', 'Present', 8),  
(33, '2025-03-16', null, null, 'Absent', 0),  
(34, '2025-03-16', '09:00', '17:15', 'Present', 7.75),  
(35, '2025-03-16', '08:55', '16:55', 'Present', 8),  
(36, '2025-03-16', '09:00', '17:10', 'Present', 7.83),  
(37, '2025-03-16', '09:00', '17:00', 'Present', 8),  
(38, '2025-03-16', '09:00', '17:00', 'Present', 8),  
(39, '2025-03-16', '09:00', '17:00', 'Present', 8),  
(40, '2025-03-16', '09:00', '17:05', 'Present', 8),  

(1, '2025-03-17', '09:00', '17:00', 'Present', 8),  
(2, '2025-03-17', '09:00', '17:00', 'Present', 8),  
(3, '2025-03-17', '09:15', '17:00', 'Late', 7.75),  
(5, '2025-03-17', '08:55', '17:00', 'Present', 8.08),  
(4, '2025-03-17', '09:05', '17:00', 'Late', 7.92),  
(7, '2025-03-17', '09:00', '17:00', 'Present', 8),  
(6, '2025-03-17', '09:10', '16:50', 'Late', 7.67),  
(8, '2025-03-17', '09:00', '17:00', 'Present', 8),  
(9, '2025-03-17', '08:50', '17:10', 'Present', 8.33),  
(10, '2025-03-17', '09:00', '17:00', 'Present', 8),  
(12, '2025-03-17', '09:00', '17:00', 'Present', 8),  
(11, '2025-03-17', '09:10', '17:05', 'Late', 7.92),  
(14, '2025-03-17', '09:05', '17:00', 'Late', 7.92),  
(13, '2025-03-17', '09:00', '17:00', 'Present', 8),  
(15, '2025-03-17', '08:50', '17:10', 'Present', 8.33),  
(17, '2025-03-17', '09:00', '17:00', 'Present', 8),  
(16, '2025-03-17', '09:15', '16:50', 'Late', 7.58),  
(18, '2025-03-17', '09:00', '17:00', 'Present', 8),  
(19, '2025-03-17', '09:00', '17:00', 'Present', 8),  
(20, '2025-03-17', '08:55', '17:05', 'Present', 8.16),  
(22, '2025-03-17', '09:00', '17:00', 'Present', 8),  
(21, '2025-03-17', '09:10', '17:10', 'Late', 7.83),  
(23, '2025-03-17', '08:50', '16:50', 'Present', 8),  
(25, '2025-03-17', '09:00', '17:00', 'Present', 8),  
(24, '2025-03-17', '09:15', '17:15', 'Late', 7.75),  
(26, '2025-03-17', '09:00', '17:00', 'Present', 8),  
(27, '2025-03-17', '09:05', '17:05', 'Present', 8),  
(28, '2025-03-17', '09:00', '17:00', 'Present', 8),  
(29, '2025-03-17', '08:55', '16:55', 'Present', 8),  
(30, '2025-03-17', '09:00', '17:00', 'Present', 8),  
(31, '2025-03-17', '09:00', '17:00', 'Present', 8),  
(32, '2025-03-17', '09:05', '17:05', 'Present', 8),  
(33, '2025-03-17', '09:00', '17:00', 'Present', 8),  
(35, '2025-03-17', '09:15', '17:15', 'Late', 7.75),  
(34, '2025-03-17', '08:55', '16:55', 'Present', 8),  
(37, '2025-03-17', '09:10', '17:10', 'Late', 7.83),  
(36, '2025-03-17', '09:00', '17:00', 'Present', 8),  
(38, '2025-03-17', '09:00', '17:00', 'Present', 8),  
(39, '2025-03-17', '09:00', '17:00', 'Present', 8),  
(40, '2025-03-17', '09:05', '17:05', 'Present', 8),  

(1, '2025-03-18', '09:00', '17:00', 'Present', 8),  
(2, '2025-03-18', '09:15', '17:00', 'Late', 7.75),  
(3, '2025-03-18', '09:00', '17:00', 'Present', 8),  
(4, '2025-03-18', '08:55', '17:00', 'Present', 8.08),  
(5, '2025-03-18', '09:05', '17:00', 'Late', 7.92),  
(6, '2025-03-18', '09:00', '17:00', 'Present', 8),  
(7, '2025-03-18', '09:10', '16:50', 'Late', 7.67),  
(8, '2025-03-18', '09:00', '17:00', 'Present', 8),  
(9, '2025-03-18', '08:50', '17:10', 'Present', 8.33),  
(10, '2025-03-18', '09:00', '17:00', 'Present', 8),  
(11, '2025-03-18', '09:00', '17:00', 'Present', 8),  
(12, '2025-03-18', '09:10', '17:05', 'Late', 7.92),  
(13, '2025-03-18', '09:05', '17:00', 'Late', 7.92),  
(14, '2025-03-18', '09:00', '17:00', 'Present', 8),  
(15, '2025-03-18', '08:50', '17:10', 'Present', 8.33),  
(16, '2025-03-18', '09:00', '17:00', 'Present', 8),  
(17, '2025-03-18', '09:15', '16:50', 'Late', 7.58),  
(18, '2025-03-18', '09:00', '17:00', 'Present', 8),  
(19, '2025-03-18', '09:00', '17:00', 'Present', 8),  
(20, '2025-03-18', '08:55', '17:05', 'Present', 8.16),  
(21, '2025-03-18', '09:00', '17:00', 'Present', 8),  
(22, '2025-03-18', '09:10', '17:10', 'Late', 7.83),  
(23, '2025-03-18', '08:50', '16:50', 'Present', 8),  
(24, '2025-03-18', '09:00', '17:00', 'Present', 8),  
(25, '2025-03-18', '09:15', '17:15', 'Late', 7.75),  
(26, '2025-03-18', '09:00', '17:00', 'Present', 8),  
(27, '2025-03-18', '09:05', '17:05', 'Present', 8),  
(28, '2025-03-18', '09:00', '17:00', 'Present', 8),  
(29, '2025-03-18', '08:55', '16:55', 'Present', 8),  
(30, '2025-03-18', '09:00', '17:00', 'Present', 8),  
(31, '2025-03-18', '09:00', '17:00', 'Present', 8),  
(32, '2025-03-18', '09:05', '17:05', 'Present', 8),  
(33, '2025-03-18', '09:00', '17:00', 'Present', 8),  
(34, '2025-03-18', '09:15', '17:15', 'Late', 7.75),  
(35, '2025-03-18', '08:55', '16:55', 'Present', 8),  
(36, '2025-03-18', '09:10', '17:10', 'Late', 7.83),  
(37, '2025-03-18', '09:00', '17:00', 'Present', 8),  
(38, '2025-03-18', '09:00', '17:00', 'Present', 8),  
(39, '2025-03-18', '09:00', '17:00', 'Present', 8),  
(40, '2025-03-18', '09:05', '17:05', 'Present', 8);









CREATE TABLE work_schedule (
    schedule_id INT PRIMARY KEY identity(1,1),
    EmployeeID INT NOT NULL,
    shift_start TIME NOT NULL,
    shift_end TIME NOT NULL,
    work_days VARCHAR(50) NOT NULL,  -- Example: 'Mon, Tue, Wed, Thu, Fri'
    FOREIGN KEY (EmployeeID) REFERENCES Employee(EmployeeID) ON DELETE CASCADE
);
INSERT INTO work_schedule (EmployeeID, shift_start, shift_end, work_days) VALUES
(1, '09:00', '17:00', 'Mon, Tue, Wed, Thu, Fri'),
(2, '09:00', '17:00', 'Mon, Tue, Wed, Thu, Fri'),
(3, '09:00', '17:00', 'Mon, Tue, Wed, Thu, Fri'),
(4, '09:00', '17:00', 'Mon, Tue, Wed, Thu, Fri'),
(5, '09:00', '17:00', 'Mon, Tue, Wed, Thu, Fri'),
(6, '09:00', '17:00', 'Mon, Tue, Wed, Thu, Fri'),
(7, '09:00', '17:00', 'Mon, Tue, Wed, Thu, Fri, Sat, Sun'),
(8, '09:00', '17:00', 'Mon, Tue, Wed, Thu, Fri, Sat, Sun'),
(9, '09:00', '17:00', 'Mon, Tue, Wed, Thu, Fri, Sat, Sun'),
(10, '09:00', '17:00', 'Mon, Tue, Wed, Thu, Fri, Sat, Sun'),
(11, '09:00', '17:00', 'Mon, Tue, Wed, Thu, Fri, Sat, Sun'),
(12, '09:00', '17:00', 'Mon, Tue, Wed, Thu, Fri, Sat, Sun'),
(13, '09:00', '17:00', 'Mon, Tue, Wed, Thu, Fri, Sat, Sun'),
(14, '09:00', '17:00', 'Mon, Tue, Wed, Thu, Fri, Sat, Sun'),
(15, '09:00', '17:00', 'Mon, Tue, Wed, Thu, Fri, Sat, Sun'),
(16, '09:00', '17:00', 'Mon, Tue, Wed, Thu, Fri, Sat, Sun'),
(17, '09:00', '17:00', 'Mon, Tue, Wed, Thu, Fri, Sat, Sun'),
(18, '09:00', '17:00', 'Mon, Tue, Wed, Thu, Fri, Sat, Sun'),
(19, '09:00', '17:00', 'Mon, Tue, Wed, Thu, Fri, Sat, Sun'),
(20, '09:00', '17:00', 'Mon, Tue, Wed, Thu, Fri, Sat, Sun'),
(21, '09:00', '17:00', 'Mon, Tue, Wed, Thu, Fri, Sat, Sun'),
(22, '09:00', '17:00', 'Mon, Tue, Wed, Thu, Fri, Sat, Sun'),
(23, '09:00', '17:00', 'Mon, Tue, Wed, Thu, Fri, Sat, Sun'),
(24, '09:00', '17:00', 'Mon, Tue, Wed, Thu, Fri, Sat, Sun'),
(25, '09:00', '17:00', 'Mon, Tue, Wed, Thu, Fri, Sat, Sun'),
(26, '09:00', '17:00', 'Mon, Tue, Wed, Thu, Fri, Sat, Sun'),
(27, '09:00', '17:00', 'Mon, Tue, Wed, Thu, Fri, Sat, Sun'),
(28, '09:00', '17:00', 'Mon, Tue, Wed, Thu, Fri, Sat, Sun'),
(29, '09:00', '17:00', 'Mon, Tue, Wed, Thu, Fri, Sat, Sun'),
(30, '09:00', '17:00', 'Mon, Tue, Wed, Thu, Fri, Sat, Sun'),
(31, '09:00', '17:00', 'Mon, Tue, Wed, Thu, Fri, Sat, Sun'),
(32, '09:00', '17:00', 'Mon, Tue, Wed, Thu, Fri, Sat, Sun'),
(33, '09:00', '17:00', 'Mon, Tue, Wed, Thu, Fri, Sat, Sun'),
(34, '09:00', '17:00', 'Mon, Tue, Wed, Thu, Fri, Sat, Sun'),
(35, '09:00', '17:00', 'Mon, Tue, Wed, Thu, Fri, Sat, Sun'),
(36, '09:00', '17:00', 'Mon, Tue, Wed, Thu, Fri, Sat, Sun'),
(37, '09:00', '17:00', 'Mon, Tue, Wed, Thu, Fri, Sat, Sun'),
(38, '09:00', '17:00', 'Mon, Tue, Wed, Thu, Fri, Sat, Sun'),
(39, '09:00', '17:00', 'Mon, Tue, Wed, Thu, Fri, Sat, Sun'),
(40, '09:00', '17:00', 'Mon, Tue, Wed, Thu, Fri, Sat, Sun');



  


CREATE TABLE leave_requests (
    leave_id INT PRIMARY KEY  identity(1,1),
    EmployeeID INT NOT NULL,
    start_date DATE NOT NULL,
    end_date DATE NOT NULL,
	leave_type VARCHAR(20) CHECK (leave_type IN ('Sick Leave', 'Casual Leave', 'Paid Leave', 'Unpaid Leave')),
    status VARCHAR(10) CHECK (status IN ('Pending', 'Approved', 'Rejected')) DEFAULT 'Pending',
    reason NVARCHAR(MAX),
    applied_at DATETIME DEFAULT GETDATE(),
	FOREIGN KEY (EmployeeID) REFERENCES Employee(EmployeeID) ON DELETE CASCADE
);



CREATE TABLE overtime (
    overtime_id INT PRIMARY KEY identity(1,1),
    EmployeeID INT NOT NULL,
    date DATE NOT NULL,
    extra_hours DECIMAL(5,2) NOT NULL,
    approved_by INT NULL,
    FOREIGN KEY (EmployeeID) REFERENCES Employee(EmployeeID) ON DELETE CASCADE,
    FOREIGN KEY (approved_by) REFERENCES Employee(EmployeeID)
);


CREATE TABLE payroll (
    payroll_id INT PRIMARY KEY identity(1,1),
    EmployeeID INT NOT NULL,
    salary_month INT CHECK (salary_month BETWEEN 1 AND 12) default month(getdate()),
    salary_year INT CHECK (salary_year >= 2000) default year(getdate()),
    total_working_days INT DEFAULT 0,
    total_hours DECIMAL(5,2) DEFAULT 0.00,
    overtime_hours DECIMAL(5,2) DEFAULT 0.00,
    base_salary DECIMAL(10,2),
    overtime_pay DECIMAL(10,2) DEFAULT 0.00,
    total_salary AS (base_salary + overtime_pay) PERSISTED,
	status VARCHAR(10) CHECK (status IN ('Pending', 'Paid')) DEFAULT 'Pending',
    FOREIGN KEY (EmployeeID) REFERENCES Employee(EmployeeID) ON DELETE CASCADE
);
INSERT INTO payroll (EmployeeID, salary_month, salary_year, total_working_days, total_hours, overtime_hours, base_salary, overtime_pay, status) VALUES
(0, 1, 2025, 0, 0, 0, 0, 0, 'Paid'),
(1, 1, 2025, 18, 160, 5, 2500.00, 100.00, 'Paid'),
(2, 1, 2025, 19, 157, 4, 2500.00, 80.00, 'Paid'),
(3, 1, 2025, 21, 160, 6, 2500.00, 120.00, 'Paid'),
(4, 1, 2025, 20, 162, 7, 2500.00, 140.00, 'Paid'),
(5, 1, 2025, 22, 155, 3, 2500.00, 60.00, 'Paid'),
(6, 1, 2025, 17, 160, 5, 2500.00, 100.00, 'Paid'),
(7, 1, 2025, 19, 158, 4, 2500.00, 80.00, 'Paid'),
(8, 1, 2025, 20, 159, 5, 2500.00, 100.00, 'Paid'),
(9, 1, 2025, 18, 161, 6, 2500.00, 120.00, 'Paid'),
(10, 1, 2025, 21, 160, 5, 2500.00, 100.00, 'Paid'),
(11, 1, 2025, 20, 160, 5, 2500.00, 100.00, 'Paid'),
(12, 1, 2025, 19, 158, 4, 2500.00, 80.00, 'Paid'),
(13, 1, 2025, 17, 157, 3, 2500.00, 60.00, 'Paid'),
(14, 1, 2025, 22, 160, 6, 2500.00, 120.00, 'Paid'),
(15, 1, 2025, 21, 162, 7, 2500.00, 140.00, 'Paid'),
(16, 1, 2025, 19, 160, 5, 2500.00, 100.00, 'Paid'),
(17, 1, 2025, 18, 155, 4, 2500.00, 80.00, 'Paid'),
(18, 1, 2025, 20, 159, 5, 2500.00, 100.00, 'Paid'),
(19, 1, 2025, 21, 161, 6, 2500.00, 120.00, 'Paid'),
(20, 1, 2025, 22, 160, 5, 2500.00, 100.00, 'Paid'),
(21, 1, 2025, 18, 160, 4, 7000.00, 400.00, 'Paid'),
(22, 1, 2025, 20, 157, 3, 5000.00, 300.00, 'Paid'),
(23, 1, 2025, 19, 161, 5, 3000.00, 250.00, 'Paid'),
(24, 1, 2025, 21, 160, 5, 4000.00, 300.00, 'Paid'),
(25, 1, 2025, 17, 158, 4, 6600.00, 350.00, 'Paid'),
(26, 1, 2025, 22, 160, 6, 5200.00, 450.00, 'Paid'),
(27, 1, 2025, 19, 160, 5, 5100.00, 400.00, 'Paid'),
(28, 1, 2025, 21, 159, 4, 4700.00, 300.00, 'Paid'),
(29, 1, 2025, 18, 161, 5, 4600.00, 350.00, 'Paid'),
(30, 1, 2025, 22, 160, 5, 5250.00, 400.00, 'Paid'),
(31, 1, 2025, 17, 160, 5, 6600.00, 400.00, 'Paid'),
(32, 1, 2025, 20, 159, 4, 5200.00, 300.00, 'Paid'),
(33, 1, 2025, 21, 160, 5, 5100.00, 350.00, 'Paid'),
(34, 1, 2025, 18, 157, 3, 4700.00, 250.00, 'Paid'),
(35, 1, 2025, 19, 161, 6, 4600.00, 450.00, 'Paid'),
(36, 1, 2025, 22, 160, 5, 5250.00, 400.00, 'Paid'),
(37, 1, 2025, 17, 159, 4, 5500.00, 350.00, 'Paid'),
(38, 1, 2025, 20, 158, 4, 2800.00, 300.00, 'Paid'),
(39, 1, 2025, 18, 161, 6, 3100.00, 450.00, 'Paid'),
(40, 1, 2025, 19, 160, 5, 2700.00, 400.00, 'Paid'),

(0, 2, 2025, 0, 0, 0, 0, 0, 'Paid'),
(1, 2, 2025, 20, 160, 5, 2500.00, 100.00, 'Paid'),
(2, 2, 2025, 20, 157, 4, 2500.00, 80.00, 'Paid'),
(3, 2, 2025, 20, 160, 6, 2500.00, 120.00, 'Paid'),
(4, 2, 2025, 20, 162, 7, 2500.00, 140.00, 'Paid'),
(5, 2, 2025, 20, 155, 3, 2500.00, 60.00, 'Paid'),
(6, 2, 2025, 20, 160, 5, 2500.00, 100.00, 'Paid'),
(7, 2, 2025, 20, 158, 4, 2500.00, 80.00, 'Paid'),
(8, 2, 2025, 20, 159, 5, 2500.00, 100.00, 'Paid'),
(9, 2, 2025, 20, 161, 6, 2500.00, 120.00, 'Paid'),
(10, 2, 2025, 20, 160, 5, 2500.00, 100.00, 'Paid'),
(11, 2, 2025, 20, 160, 5, 2500.00, 100.00, 'Paid'),
(12, 2, 2025, 20, 158, 4, 2500.00, 80.00, 'Paid'),
(13, 2, 2025, 20, 157, 3, 2500.00, 60.00, 'Paid'),
(14, 2, 2025, 20, 160, 6, 2500.00, 120.00, 'Paid'),
(15, 2, 2025, 20, 162, 7, 2500.00, 140.00, 'Paid'),
(16, 2, 2025, 20, 160, 5, 2500.00, 100.00, 'Paid'),
(17, 2, 2025, 20, 155, 4, 2500.00, 80.00, 'Paid'),
(18, 2, 2025, 20, 159, 5, 2500.00, 100.00, 'Paid'),
(19, 2, 2025, 20, 161, 6, 2500.00, 120.00, 'Paid'),
(20, 2, 2025, 20, 160, 5, 2500.00, 100.00, 'Paid'),
(21, 2, 2025, 20, 160, 4, 7000.00, 400.00, 'Paid'),
(22, 2, 2025, 20, 157, 3, 5000.00, 300.00, 'Paid'),
(23, 2, 2025, 20, 161, 5, 3000.00, 250.00, 'Paid'),
(24, 2, 2025, 20, 160, 5, 4000.00, 300.00, 'Paid'),
(25, 2, 2025, 20, 158, 4, 6600.00, 350.00, 'Paid'),
(26, 2, 2025, 20, 160, 6, 5200.00, 450.00, 'Paid'),
(27, 2, 2025, 20, 160, 5, 5100.00, 400.00, 'Paid'),
(28, 2, 2025, 20, 159, 4, 4700.00, 300.00, 'Paid'),
(29, 2, 2025, 20, 161, 5, 4600.00, 350.00, 'Paid'),
(30, 2, 2025, 20, 160, 5, 5250.00, 400.00, 'Paid'),
(31, 2, 2025, 20, 160, 5, 6600.00, 400.00, 'Paid'),
(32, 2, 2025, 20, 159, 4, 5200.00, 300.00, 'Paid'),
(33, 2, 2025, 20, 160, 5, 5100.00, 350.00, 'Paid'),
(34, 2, 2025, 20, 157, 3, 4700.00, 250.00, 'Paid'),
(35, 2, 2025, 20, 161, 6, 4600.00, 450.00, 'Paid'),
(36, 2, 2025, 20, 160, 5, 5250.00, 400.00, 'Paid'),
(37, 2, 2025, 20, 159, 4, 5500.00, 350.00, 'Paid'),
(38, 2, 2025, 20, 158, 4, 2800.00, 300.00, 'Paid'),
(39, 2, 2025, 20, 161, 6, 3100.00, 450.00, 'Paid'),
(40, 2, 2025, 20, 160, 5, 2700.00, 400.00, 'Paid'),

(0, 3, 2025, 0, 0, 0, 0, 0, 'Pending'),
(1, 3, 2025, 20, 160, 5, 2500.00, 100.00, 'Pending'),
(2, 3, 2025, 20, 157, 4, 2500.00, 80.00, 'Pending'),
(3, 3, 2025, 20, 160, 6, 2500.00, 120.00, 'Pending'),
(4, 3, 2025, 20, 162, 7, 2500.00, 140.00, 'Pending'),
(5, 3, 2025, 20, 155, 3, 2500.00, 60.00, 'Pending'),
(6, 3, 2025, 20, 160, 5, 2500.00, 100.00, 'Pending'),
(7, 3, 2025, 20, 158, 4, 2500.00, 80.00, 'Pending'),
(8, 3, 2025, 20, 159, 5, 2500.00, 100.00, 'Pending'),
(9, 3, 2025, 20, 161, 6, 2500.00, 120.00, 'Pending'),
(10, 3, 2025, 20, 160, 5, 2500.00, 100.00, 'Pending'),
(11, 3, 2025, 20, 160, 5, 2500.00, 100.00, 'Pending'),
(12, 3, 2025, 20, 158, 4, 2500.00, 80.00, 'Pending'),
(13, 3, 2025, 20, 157, 3, 2500.00, 60.00, 'Pending'),
(14, 3, 2025, 20, 160, 6, 2500.00, 120.00, 'Pending'),
(15, 3, 2025, 20, 162, 7, 2500.00, 140.00, 'Pending'),
(16, 3, 2025, 20, 160, 5, 2500.00, 100.00, 'Pending'),
(17, 3, 2025, 20, 155, 4, 2500.00, 80.00, 'Pending'),
(18, 3, 2025, 20, 159, 5, 2500.00, 100.00, 'Pending'),
(19, 3, 2025, 20, 161, 6, 2500.00, 120.00, 'Pending'),
(20, 3, 2025, 20, 160, 5, 2500.00, 100.00, 'Pending'),
(21, 3, 2025, 20, 160, 4, 7000.00, 400.00, 'Pending'),
(22, 3, 2025, 20, 157, 3, 5000.00, 300.00, 'Pending'),
(23, 3, 2025, 20, 161, 5, 3000.00, 250.00, 'Pending'),
(24, 3, 2025, 20, 160, 5, 4000.00, 300.00, 'Pending'),
(25, 3, 2025, 20, 158, 4, 6600.00, 350.00, 'Pending'),
(26, 3, 2025, 20, 160, 6, 5200.00, 450.00, 'Pending'),
(27, 3, 2025, 20, 160, 5, 5100.00, 400.00, 'Pending'),
(28, 3, 2025, 20, 159, 4, 4700.00, 300.00, 'Pending'),
(29, 3, 2025, 20, 161, 5, 4600.00, 350.00, 'Pending'),
(30, 3, 2025, 20, 160, 5, 5250.00, 400.00, 'Pending'),
(31, 3, 2025, 20, 160, 5, 6600.00, 400.00, 'Pending'),
(32, 3, 2025, 20, 159, 4, 5200.00, 300.00, 'Pending'),
(33, 3, 2025, 20, 160, 5, 5100.00, 350.00, 'Pending'),
(34, 3, 2025, 20, 157, 3, 4700.00, 250.00, 'Pending'),
(35, 3, 2025, 20, 161, 6, 4600.00, 450.00, 'Pending'),
(36, 3, 2025, 20, 160, 5, 5250.00, 400.00, 'Pending'),
(37, 3, 2025, 20, 159, 4, 5500.00, 350.00, 'Pending'),
(38, 3, 2025, 20, 158, 4, 2800.00, 300.00, 'Pending'),
(39, 3, 2025, 20, 161, 6, 3100.00, 450.00, 'Pending'),
(40, 3, 2025, 20, 160, 5, 2700.00, 400.00, 'Pending');






-- Accounts
CREATE TABLE Account (
    Username NVARCHAR(100) PRIMARY KEY,  -- Using Employee's Mail as Username
    Password NVARCHAR(100) NOT NULL,      -- Password with characters & numbers
	RoleID int foreign key references EmployeeRole(RoleID)
);

INSERT INTO Account (Username, Password, RoleID)
VALUES
    ('admin@email.com', '123', 0),
    ('john.doe@email.com', 'JohnDoe321!', 1),
    ('jane.smith@email.com', 'JaneS456!', 1),
    ('mark.johnson@email.com', 'MarkJ789!', 1),
    ('emily.white@email.com', 'EmilyW987!', 1),
    ('luke.brown@email.com', 'LukeB654!', 1),
    ('anna.taylor@email.com', 'AnnaT234!', 2),
    ('michael.clark@email.com', 'MichaelC567!',3),
    ('sarah.lee@email.com', 'SarahL890!', 4),
    ('david.kim@email.com', 'DavidK123!',5),
    ('laura.wilson@email.com', 'LauraW456!',6),
    ('alice.johnson@email.com', 'AliceJ789!',7),
    ('bob.smith@email.com', 'BobS321!',8),
    ('charlie.brown@email.com', 'CharlieB987!',2),
    ('diana.prince@email.com', 'DianaP654!',3),
    ('ethan.hunt@email.com', 'EthanH234!',4),
    ('fiona.gallagher@email.com', 'FionaG567!',5),
    ('george.clooney@email.com', 'GeorgeC890!',6),
    ('hannah.baker@email.com', 'HannahB123!',7),
    ('isaac.newton@email.com', 'IsaacN456!',8),
    ('jack.sparrow@email.com', 'JackS123!',2),
    ('karen.gillan@email.com', 'KarenG456!',3),
    ('leo.messi@email.com', 'LeoM789!',4),
    ('mia.wallace@email.com', 'MiaW321!',5),
    ('noah.centineo@email.com', 'NoahC654!',6),
    ('olivia.wilde@email.com', 'OliviaW987!',7),
    ('paul.atreides@email.com', 'PaulA234!',8),
    ('quentin.tarantino@email.com', 'QuentinT567!',2),
    ('rachel.green@email.com', 'RachelG890!',3),
    ('steve.rogers@email.com', 'SteveR123!',4),
    ('tony.stark@email.com', 'TonyS456!',5),
    ('ethan.carter@email.com', 'EthanC789!',6),
    ('sophia.martinez@email.com', 'SophiaM321!',7),
    ('liam.anderson@email.com', 'LiamA654!',8),
    ('olivia.thomas@email.com', 'OliviaT987!',2),
    ('noah.roberts@email.com', 'NoahR234!',3),
    ('ava.johnson@email.com', 'AvaJ567!',4),
    ('mason.lewis@email.com', 'MasonL890!',5),
    ('isabella.walker@email.com', 'IsabellaW123!',6),
    ('james.scott@email.com', 'JamesS456!',7),
    ('charlotte.hall@email.com', 'CharlotteH789!',8);


-- Bảng Customer 
CREATE TABLE Customer (
    CustomerID INT IDENTITY(1,1) PRIMARY KEY,
    Name NVARCHAR(100) NOT NULL,
    PhoneNumber NVARCHAR(20),
    Email NVARCHAR(100)
);
-- Bảng Customer
INSERT INTO Customer (Name, PhoneNumber, Email) VALUES
('Alice Brown', '555-1234', 'alice@example.com'),		--1
('Bob White', '555-5678', 'bob@example.com'),			--2
('Cathy Green', '555-2345', 'cathy@example.com'),		--3
('David Black', '555-6789', 'david@example.com'),		--4
('Ella Blue', '555-3456', 'ella@example.com'),			--5
('Frank Gray', '555-7890', 'frank@example.com'),		--6
('Grace Orange', '555-4567', 'grace@example.com'),		--7
('Hank Purple', '555-8901', 'hank@example.com'),		--8
('Ivy Red', '555-5678', 'ivy@example.com'),				--9
('Jack Yellow', '555-1235', 'jack@example.com'),		--10
('Charlie Black', '555-9999', 'charlie@example.com'),	--11
('David Green', '555-8888', 'david@example.com');		--12


-- Bảng Booking 
CREATE TABLE Booking (
    BookingID INT IDENTITY(1,1) PRIMARY KEY,
    CustomerID INT,
	RoomID INT,
	BookingDate DATE NOT NULL DEFAULT GETDATE(),
	CheckInDate DATE DEFAULT null,
    CheckOutDate DATE DEFAULT null,
    FOREIGN KEY (CustomerID) REFERENCES Customer(CustomerID) ON DELETE CASCADE,
	--FOREIGN KEY (HotelID, RoomNumber) REFERENCES Room(HotelID, RoomNumber) ON DELETE CASCADE
	FOREIGN KEY (RoomID) REFERENCES Room(RoomID)

);
-- Bảng Booking
INSERT INTO Booking (CustomerID, RoomID, BookingDate, CheckInDate, CheckOutDate) VALUES
(1, 1, '2023-10-01', '2023-10-10', '2023-10-15'),
(2, 2, '2023-11-01', '2023-11-05', '2023-11-10'),
(3, 3, '2023-10-05', '2023-10-15', '2023-10-20'),
(4, 4, '2023-10-08', '2023-10-18', '2023-10-23'),
(5, 5, '2023-09-10', '2023-09-15', '2023-09-20'),
(6, 6, '2023-08-01', '2023-08-05', '2023-08-10'),
(7, 7, '2023-07-01', '2023-07-05', '2023-07-10'),
(8, 7, '2023-06-01', '2023-06-05', '2023-06-10'),
(9, 9, '2023-05-01', '2023-05-05', '2023-05-10'),
(1, 10, '2024-10-01', '2024-10-10', '2024-10-15'),
(2, 11, '2024-11-01', '2024-11-05', '2024-11-10'),
(3, 12, '2024-10-05', '2024-10-15', '2024-10-20'),
(4, 13, '2024-10-08', '2024-10-18', '2024-10-23'),
(5, 14, '2024-09-10', '2024-09-15', '2024-09-20'),
(6, 15, '2024-08-01', '2024-08-05', '2024-08-10'),
(7, 16, '2024-07-01', '2024-07-05', '2024-07-10'),
(8, 17, '2024-06-01', '2024-06-05', '2024-06-10'),
(9, 18, '2024-05-01', '2024-05-05', '2024-05-10'),
(10, 19, '2024-12-01', '2024-07-05', '2024-07-10'),
(11, 20, '2024-01-01', '2024-06-05', '2024-06-10'),
(12, 21, '2024-02-01', '2024-05-05', '2024-05-10');


GO
use HotelManagement
go




